<!DOCTYPE html>
<html lang="en">

<head>
	<title>Dickson | TheBest</title>
	<meta charset="utf-8" />
	<meta name="Author" content="TheBest" />
	<meta name="Description" content="rent,best,house" />
	<meta name="Keywords" content="rent,best,house" />
	<link rel="stylesheet" type="text/css" href="styles/style.css" />
</head>

<body>

<header>
	<nav class="navbar">
		<ul class="navigation">
			
			<li><a href="index.html"><img src="images/logo.png" class="logo" alt="This is a logo" title="Click here to go to homepage" /></a></li>
				
			<li class="MenuSelect"><a class="selection">Area</a>
				<div class="dropdown-selection">
				<a href="sarawak.html">Sarawak</a>
				<a href="sabah.html">Sabah</a>
				<a href="pahang.html">Pahang</a>
				<a href="selangor.html">Selangor</a>
				</div>
			</li>
				
			<li class="MenuSelect"><a href="enquiry.html" class="selection">Enquiry</a></li>
				
			<li class="MenuSelect"><a class="selection">About Us</a>
				<div class="dropdown-selection">
					<a href="aboutme1.html">Siaw Zhen</a>
					<a href="aboutme2.html">Dickson</a>
					<a href="aboutme3.html">Wilson</a>
					<a href="aboutme4.html">Peng</a>
				</div>
			</li>
				
			<li class="MenuSelect"><a href="disclaimer.html" class="selection">Disclaimer</a></li>
				
			<li class="MenuSelect"><a href="enhancements.html" class="selection">Enhancement</a></li>

		</ul>
	</nav>
</header>

<article class="aboutA">

<p class="name">Dickson Sim Jun Jie</p>

<div class="aboutme"> 
<img src="images/dickson.jpg" alt="This is a photo of Dickson" title="Dickson" class="pp" />

<p><span class="id">Student id: 101208944</span></p>
<p><span class="course">Course: Computer Science</span></p>
<p>Nickname: none</p>
<p>Age: 19</p>
<p>Birthday: 12/10/1999</p>
<p>High School: SMK Kuching High</p>
<p>Nationality: Malaysian</p>
<p>Favourite food: All except vegetables</p>

<br />
<br />

<table class="aboutT">
	<tr>
		<th>Contributions</th>
		<th>Descriptions</th>
	</tr>

	<tr>
		<td>HTML content</td>
		<td>
			<ul>
				<li>write the content of the webpages</li>
				<li>research on idea</li>
				<li>citation of the contents</li>
				<li>design the structure</li>
			</ul>
		</td>
	</tr>
	
	<tr>
		<td>CSS</td>
		<td>
			<ul>
				<li>research for interesting CSS</li>
				<li>decide the main color scheme of the webpages</li>
				<li>give idea of the overall design</li>
				<li>web typography</li>
				<li>visual formatting</li>
				<li>fluid page layout</li>
			</ul>
		</td>
	</tr>

	<tr>
		<td>Validation of HTML</td>
		<td>
			<ul>
				<li>validate html files</li>
				<li>correct the errors</li>
			</ul>
		</td>
	</tr>

	<tr>
		<td>Validation of CSS</td>
		<td>
			<ul>
				<li>validate CSS files</li>
				<li>correct the errors</li>
			</ul>
		</td>
	</tr>

	<tr>
		<td>Validation of XML</td>
		<td>
		<ul>
				<li>validate xml file and correct the errors</li>
				<li>convert html files to xml files</li>
		</ul>
		</td>
	</tr>
</table>

</div>
</article>

<footer>
		<p>Email: <a href="mailto:noskcid99@gmail.com"><span class="teamname">noskcid99@gmail.com</span></a></p>
		<p>&#169; <a href="about0.html" title="Developers"><span class="teamname">2018 TheBest</span></a> | Page developed by - Dickson - Wilson - Siaw Zhen - Peng | Last updated: 10/10/2018 1:16am</p>
</footer>

</body>

</html>