<!DOCTYPE html>
<html lang="en">

<head>
	<title>Disclaimer | TheBest</title>
	<meta charset="utf-8" />
	<meta name="Author" content="TheBest" />
	<meta name="Description" content="rent,best,house" />
	<meta name="Keywords" content="rent,best,house" />
	<link rel="stylesheet" type="text/css" href="styles/style.css" />
</head>

<body>

<header>
	<nav class="navbar">
		<ul class="navigation">
			
			<li><a href="index.html"><img src="images/logo.png" class="logo" alt="This is a logo" title="Click here to go to homepage" /></a></li>
				
			<li class="MenuSelect"><a class="selection">Area</a>
				<div class="dropdown-selection">
				<a href="sarawak.html">Sarawak</a>
				<a href="sabah.html">Sabah</a>
				<a href="pahang.html">Pahang</a>
				<a href="selangor.html">Selangor</a>
				</div>
			</li>
				
			<li class="MenuSelect"><a href="enquiry.html" class="selection">Enquiry</a></li>
				
			<li class="MenuSelect"><a class="selection">About Us</a>
				<div class="dropdown-selection">
					<a href="aboutme1.html">Siaw Zhen</a>
					<a href="aboutme2.html">Dickson</a>
					<a href="aboutme3.html">Wilson</a>
					<a href="aboutme4.html">Peng</a>
				</div>
			</li>
				
			<li class="MenuSelect"><a href="disclaimer.html" class="selection">Disclaimer</a></li>
				
			<li class="MenuSelect"><a href="enhancements.html" class="selection">Enhancement</a></li>

		</ul>
	</nav>
</header>

<article class="disclaimerA">

	<h1 class="disclaimerh1">Disclaimer</h1>
	
	<div class="disclaimerlist">
	<ul>
		<li>This website is created mainly for educational and non-commercial use only. It is a partial fulfillment for completion of unit COS10011 - Creating Web Applications offered in Swinburne University of Technology, Sarawak Campus for Semester 2, 2018.</li>
		<li>The web-master and author(s) do not represent the business entity.</li>
		<li>The content of the pages of this website might be out-dated or inaccurate, thus, the author(s) and web-master does not take any responsibility for incorrect information disseminate or cited from this website.</li>
		<li>If you believe that information of any kind on this website is an infringement of copyright in material in which you either own copyright or are authorized to exercise the rights of a copyright owner, kindly contact the web-master <a href="mailto:101208944@students.swinburne.edu.my">(101208944@students.swinburne.edu.my)</a> for removal.</li>
	</ul>
	</div>
	
</article>

<footer>
		<p>&amp;#169; <a href="about0.html" title="Developers"><span class="teamname">2018 TheBest</span></a> | Page developed by - Dickson - Wilson - Siaw Zhen - Peng | Last updated: 10/10/2018 1:16am</p>
</footer>

</body>

</html>