<!DOCTYPE html>
<html lang="en">

<head>
	<title>Enhancements | TheBest</title>
	<meta charset="utf-8" />
	<meta name="Author" content="TheBest" />
	<meta name="Description" content="rent,best,house" />
	<meta name="Keywords" content="rent,best,house" />
	<link rel="stylesheet" type="text/css" href="styles/style.css" />
	<script src="script/dropdown.js"></script>
</head>

<body>	
<header>
	<nav class="navbar">
		<ul class="navigation">
			
			<li><a href="index.html"><img src="images/logo.png" class="logo" alt="This is a logo" title="Click here to go to homepage" /></a></li>
				
			<li class="MenuSelect"><a class="selection">Area</a>
				<div class="dropdown-selection" id="dropdown-state">
				</div>
			</li>
				
			<li class="MenuSelect"><a href="enquiry.html" class="selection">Enquiry</a></li>
				
			<li class="MenuSelect"><a href="about0.html" class="selection">About Us</a>
				<div class="dropdown-selection" id="dropdown-about">
				</div>
			</li>
				
			<li class="MenuSelect"><a href="disclaimer.html" class="selection">Disclaimer</a></li>
				
			<li class="MenuSelect"><a href="enhancements.html" class="selection">Enhancement</a></li>

		</ul>
	</nav>
</header>
	
	<article class="enhancementsA">
		<br />
		
		<h1 class="enhancements_h1">Enhancement 2: JavaScript</h1>
		
		<br />
		
		<section class="enhancementsS">
		<h2 class="enhancements_h2">Smooth Scrolling effect</h2>
		<br />
		<p class="en_con">Smooth scrolling effects are added to the index.html</p>
		<p class="en_con">to enable smooth scrolling for the whole page</p>
		<br />
		<p class="en_con">The effects is done by: </p>
		<p class="en_con">Putting in 5 sections with different class</p>
		<p class="en_con">Putting 5 buttons on the side for user to navigate through different section</p>

		<br />
		
		<p class="en_con">Reference: </p>
		<p class="en_con"><a href="https://www.w3schools.com/howto/howto_js_slideshow.asp">Example of Smooth Scrolling Effect</a></p>
		
		<ul class="enhancementsL">
			<li><a href="product1.html">index.html</a></li>
		</ul>
		</section>
		
		<section class="enhancementsS">
		<h2 class="enhancements_h2">JavaScript Slideshow</h2>
		<br />
		<p class="en_con">slideshow had enable the visitors skim through the available images without vertical scrolling or unnecessary mouse movements</p>
	
		<br />
		<p class="en_con">Reference</p>
		<p class="en_con"><a href="https://www.w3schools.com/howto/howto_js_slideshow.asp">W3School Slideshow Example</a></p>
		
		<br />
		
		<p class="en_con">This page below has the enhancements:</p>
		
		<ul class="enhancementsL">			
			<li><a href="about0.html">index.html</a></li>
		</ul>
		</section>
		
	</article>
	
	<footer>
		<p>&#169; <a href="about0.html" title="Developers"><span class="teamname">2018 TheBest</span></a> | Page developed by - Dickson - Wilson - Siaw Zhen - Peng | Last updated: 10/10/2018 1:16am</p>
	</footer>

</body>

</html>