<!DOCTYPE html>
<html lang="en">

<head>
	<title>Enquiry | TheBest</title>
	<meta charset="utf-8" />
	<meta name="Author" content="TheBest" />
	<meta name="Description" content="rent,best,house" />
	<meta name="Keywords" content="rent,best,house" />
	<link rel="stylesheet" type="text/css" href="styles/style.css" />
</head>

<body>

<header>
	<nav class="navbar">
		<ul class="navigation">
			
			<li><a href="index.html"><img src="images/logo.png" class="logo" alt="This is a logo" title="Click here to go to homepage" /></a></li>
				
			<li class="MenuSelect"><a class="selection">Area</a>
				<div class="dropdown-selection">
				<a href="sarawak.html">Sarawak</a>
				<a href="sabah.html">Sabah</a>
				<a href="pahang.html">Pahang</a>
				<a href="selangor.html">Selangor</a>
				</div>
			</li>
				
			<li class="MenuSelect"><a href="enquiry.html" class="selection">Enquiry</a></li>
				
			<li class="MenuSelect"><a class="selection">About Us</a>
				<div class="dropdown-selection">
					<a href="aboutme1.html">Siaw Zhen</a>
					<a href="aboutme2.html">Dickson</a>
					<a href="aboutme3.html">Wilson</a>
					<a href="aboutme4.html">Peng</a>
				</div>
			</li>
				
			<li class="MenuSelect"><a href="disclaimer.html" class="selection">Disclaimer</a></li>
				
			<li class="MenuSelect"><a href="enhancements.html" class="selection">Enhancement</a></li>

		</ul>
	</nav>
</header>

<article class="formA">
	<h1 class="formh1">Please Enter Your Information</h1>
	
	<form id="form" method="get" action="mailto:bongzhen98@gmail.com">
		<fieldset>
			<table>
			
				<tr>
					<td><label for="first">First Name</label></td>
					<td><input type="text" id="first" maxlength="25" pattern="[a-zA-Z]" required="required" /></td>
					<td><label for="last">Last Name</label></td>
					<td><input type="text" id="last" maxlength="25" pattern="[a-zA-Z]" required="required" /></td>
				</tr>
				
				<tr>
					<td><label for="email">Email Address</label></td>
					<td><input type="email" id="email" /></td>
					<td><label for="phone">Phone Number</label></td>
					<td><input type="tel" id="phone" maxlength="10" placeholder="012-3456789" pattern="\d{3}[\-]\d{7,8}" required="required"/></td>
				</tr>
				
				<tr>
					<td><label for="house">House</label></td>
					<td><select name="house" id="house" required="required">
						<option value="">##</option>
						<option value="">##</option>
						<option value="">##</option>
						<option value="">##</option>
						<option value="">##</option>
						<option value="">##</option>
						</select>
					</td>
					<td><label for="time">Rental Duration</label></td>
					<td><input type="number" id="time" min="1" required="required" /></td>
				</tr>
				
			</table>
		</fieldset>
		
		<br />
		
		<fieldset>
			<legend>Address</legend>
			<table>
				<tr>
					<td><label for="street">Street Address</label></td>
					<td><input type="text" id="street" maxlength="40" required="required" /></td>
				</tr>
				<tr>
					<td><label for="city">City/Town</label></td>
					<td><input type="text" id="city" maxlength="20" required="required" /></td>
				</tr>
				<tr>
					<td><label for="state">State</label></td>
					<td><select name="state" id="state" required="required" multiple="multiple">
						<option value="Kuala Lumpur">Kuala Lumpur</option>
						<option value="Labuan">Labuan</option>
						<option value="Putrajaya">Putrajaya</option>
						<option value="Johor">Johor</option>
						<option value="Kedah">Kedah</option>
						<option value="Kelantan">Kelantan</option>
						<option value="Malacca">Malacca</option>
						<option value="Negeri Sembilan">Negeri Sembilan</option>
						<option value="Pahang">Pahang</option>
						<option value="Perak">Perak</option>
						<option value="Perlis">Perlis</option>
						<option value="Penang">Penang</option>
						<option value="Sabah">Sabah</option>
						<option value="Sarawak">Sarawak</option>
						<option value="Selangor">Selangor</option>
						<option value="Terengganu">Terengganu</option>
						</select>
					</td>
				</tr>
				<tr>
					<td><label for="postcode">Postcode</label></td>
					<td><input type="text" id="postcode" pattern="\d{5}" required="required" /></td>
				</tr>
			</table>
		</fieldset>
		<br />
		<fieldset>
			<legend>Feedback</legend>
			<table>
				<tr>
					<td><label for="comment">Comment</label></td>
					<td><textarea name="comment" id="comment" rows="3" cols="40"></textarea></td>
				</tr>
			</table>
		</fieldset>
		
		<p class="srbutton">
		<input type="submit" value="Submit" />
		<input type="reset" value="Reset" />
		</p>
	</form>

</article>

<footer>
		<p>&amp;#169; <a href="about0.html" title="Developers"><span class="teamname">2018 TheBest</span></a> | Page developed by - Dickson - Wilson - Siaw Zhen - Peng | Last updated: 10/10/2018 1:16am</p>
</footer>

</body>

</html>