<!DOCTYPE html>
<html lang="en">

<head>
	<title>theCHARCOAL | TheBest</title>
	<meta charset="utf-8" />
	<meta name="Author" content="TheBest" />
	<meta name="Description" content="rent,best,house" />
	<meta name="Keywords" content="rent,best,house" />
	<link rel="stylesheet" type="text/css" href="styles/style.css" />
</head>

<body>	
<header>
	<nav class="navbar">
		<ul class="navigation">
			
			<li><a href="index.html"><img src="images/logo.png" class="logo" alt="This is a logo" title="Click here to go to homepage" /></a></li>
				
			<li class="MenuSelect"><a class="selection">Area</a>
				<div class="dropdown-selection">
				<a href="sarawak.html">Sarawak</a>
				<a href="sabah.html">Sabah</a>
				<a href="pahang.html">Pahang</a>
				<a href="selangor.html">Selangor</a>
				</div>
			</li>
				
			<li class="MenuSelect"><a href="enquiry.html" class="selection">Enquiry</a></li>
				
			<li class="MenuSelect"><a class="selection">About Us</a>
				<div class="dropdown-selection">
					<a href="aboutme1.html">Siaw Zhen</a>
					<a href="aboutme2.html">Dickson</a>
					<a href="aboutme3.html">Wilson</a>
					<a href="aboutme4.html">Peng</a>
				</div>
			</li>
				
			<li class="MenuSelect"><a href="disclaimer.html" class="selection">Disclaimer</a></li>
				
			<li class="MenuSelect"><a href="enhancements.html" class="selection">Enhancement</a></li>

		</ul>
	</nav>
</header>
	
	<article class="productA">
		<br />
		
		<!--Slideshow implement later-->
		<img  class="product_img" src="https://a0.muscache.com/im/pictures/a5dd578b-07fa-4352-a905-ab227094e608.jpg?aki_policy=xx_large" alt="theCHARCOAL" />
		
		<!--Source https://www.airbnb.com/rooms/11420467?adults=1&amp;children=0&amp;infants=0&amp;guests=1 -->
		
		<h1 class="product_h1">theCHARCOAL</h1>
		
		<aside>
			<form>
				<table>
					<tr class="trow1">
						<th colspan="2">
							RM 109 per night<br/><hr class="line1"/>
						</th>
					</tr>
					
					<tr class="trow2">
						<th colspan="2">
							Date &amp;amp; Guest selection<br/><hr class="line2"/>
						</th>
					</tr>
					
					<tr class="trow3">
						<td>
							Check in
						</td>
						<td>
							<input class="form-ctrl" type="date" name="date"/>
						</td>
					</tr>
					
					<tr class="trow4">
						<td>
							Check out
						</td>
						<td>
							<input class="form-ctrl" type="date" name="date"/>
						</td>
					</tr>
					
					<tr class="trow5">
						<td>
							Guest
						</td>
						<td>
							<select class="form-ctrl" name="guest" size="1">
								<option value="1" selected="selected">1 Guest</option>
								<option value="2">2 Guests</option>
								<option value="3">3 Guests</option>
								<option value="4">4 Guests</option>
								<option value="5">5 Guests</option>
								<option value="6">6 Guests</option>
								<option value="7">7 Guests</option>
								<option value="8">8 Guests</option>
								<option value="9">9 Guests</option>
								<option value="10">10 Guests</option>
							</select>
							
						</td>
					</tr>
					
					<tr class="trow6">
						<td colspan="2">
							<hr class="line3"/><a href="123.com" class="booknow">Book Now</a>
						</td>
					</tr>
				</table>
			</form>
		</aside>
	
		<table class="specification">
			<tr>
				<td><img class="guest" src="images/icon-guest.svg" alt="Guests bullet"/>8 guests</td>
				<td><img class="bedroom" src="images/bath.png" alt="Bedroom bullet"/>3 bedrooms</td>
				<td><img class="bed" src="images/bed.png" alt="Bed bullet"/>6 beds</td>
				<td><img class="bath" src="images/bath.png" alt="Bathroom bullet"/>2 bathrooms</td>
			</tr>
		</table>
		
		<p class="product_content">Holiday like no other! A dream house you want to live in. Spacious space with comfortable environment. Fully air-conditioned and well equipped kitchen including dishwasher.</p>
		
		<h2 class="product_h2">The space</h2>
		<p class="product_content">This house is very spacious, with en-suite bathroom in all 3 bedrooms. If you love timber, you will love this place!</p>
		
		<h2 class="product_h2">Guest access</h2>		
		<p class="product_content">Guest have full access of the house.</p>
		
		<h2 class="product_h2">Interaction with guests</h2>
		<p class="product_content">The host is happy to help guests with any questions and offer guests with recommendation on local cuisines, local attraction and transportations.</p>
		
		<h2 class="product_h2">Other things to note</h2>
		<p class="product_content">If early or late check in is required, please inform us so we can arrange it.</p>
		
		<h2 class="product_h2">Amenities</h2>
		<ul class="amenities">
			<li>Wifi</li>
			<li>Free parking on premises</li>
			<li>Kitchen</li>
			<li>Hot tub</li>
			<li>Iron</li>
			<li>Washer</li>
		</ul>
		
		<h2 class="product_h2">Location</h2>
		
		<div class="mapouter">
			<div class="gmap_canvas">
				<iframe id="gmap_canvas" src="https://maps.google.com/maps?q=theCHARCOAL&amp;t=&amp;z=13&amp;ie=UTF8&amp;iwloc=&amp;output=embed"></iframe>
			</div>
		</div>
		
	</article>
	
	<footer>
		<p>&amp;#169; <a href="about0.html" title="Developers"><span class="teamname">2018 TheBest</span></a> | Page developed by - Dickson - Wilson - Siaw Zhen - Peng | Last updated: 10/10/2018 1:16am</p>
	</footer>

</body>

</html>