<!DOCTYPE html>
<html lang="en">

<head>
	<title>Sabah | TheBest</title>
	<meta charset="utf-8" />
	<meta name="Author" content="TheBest" />
	<meta name="Description" content="rent,best,house" />
	<meta name="Keywords" content="rent,best,house" />
	<link rel="stylesheet" type="text/css" href="styles/style.css" />
</head>

<body>	
<header>
	<nav class="navbar">
		<ul class="navigation">
			
			<li><a href="index.html"><img src="images/logo.png" class="logo" alt="This is a logo" title="Click here to go to homepage" /></a></li>
				
			<li class="MenuSelect"><a class="selection">Area</a>
				<div class="dropdown-selection">
				<a href="sarawak.html">Sarawak</a>
				<a href="sabah.html">Sabah</a>
				<a href="pahang.html">Pahang</a>
				<a href="selangor.html">Selangor</a>
				</div>
			</li>
				
			<li class="MenuSelect"><a href="enquiry.html" class="selection">Enquiry</a></li>
				
			<li class="MenuSelect"><a class="selection">About Us</a>
				<div class="dropdown-selection">
					<a href="aboutme1.html">Siaw Zhen</a>
					<a href="aboutme2.html">Dickson</a>
					<a href="aboutme3.html">Wilson</a>
					<a href="aboutme4.html">Peng</a>
				</div>
			</li>
				
			<li class="MenuSelect"><a href="disclaimer.html" class="selection">Disclaimer</a></li>
				
			<li class="MenuSelect"><a href="enhancements.html" class="selection">Enhancement</a></li>

		</ul>
	</nav>
</header>
	
	<article class="subareaA">
		<br />
		
		<h1 class="subarea_h1">Sabah</h1>
		<img class="xsubarea_img" 
		src="https://upload.wikimedia.org/wikipedia/commons/thumb/6/68/Coat_of_arms_of_Sabah.svg/2000px-Coat_of_arms_of_Sabah.svg.png" alt="Sabah" />
		
		<a href="product6.html">
		<div class="subareaC1">
			<img class="product_img" src="https://a0.muscache.com/im/pictures/b18ff6e4-34c2-4cbb-9c05-b9000bccbcc0.jpg?aki_policy=x_large" alt="Hibiscus Beach View" />
			<h2>Hibiscus Beach Retreat</h2>
		</div>
		</a>
		
		<a href="product7.html">
		<div class="subareaC2">
			<img class="product_img " src="https://a0.muscache.com/im/pictures/357fc6b4-97c2-4f5d-995e-e3d076ea5903.jpg?aki_policy=xx_large" alt="Sunbeam Luxury Villa View" />
			<h2>Sunbeam Luxury Villa</h2>
		</div>
		</a>
		
		<a href="product8.html">
		<div class="subareaC3">
			<img class="product_img" src="https://a0.muscache.com/im/pictures/ab2d6325-6ef6-498e-ba81-baea602c75a7.jpg?aki_policy=xx_large" alt="Riverson Soho Room View" />
			<h2>Riverson Soho</h2>
		</div>
		</a>
		
		<a href="product9.html">
		<div class="subareaC4">
			<img class="product_img" src="https://a0.muscache.com/im/pictures/6c458717-5225-406d-afd4-00f67bb14517.jpg?aki_policy=x_large" alt="Sutera Avenue Room View" />
			<h2>Sutera Avenue Suite</h2>
		</div>
		</a>
		
		<a href="product10.html">
		<div class="subareaC5">
			<img class="product_img" src="https://a0.muscache.com/im/pictures/8b9816d7-84ac-485b-a832-60a3c77f3a40.jpg?aki_policy=x_large" alt="Imago Room Sea View"/>
			<h2>Imago Luxurious Room</h2>
		</div>
		</a>
		
		<br />
		<br />
		<br />
		<br />
		<br />
		
	</article>
	
	<footer>
		<p>&amp;#169; <a href="about0.html" title="Developers"><span class="teamname">2018 TheBest</span></a> | Page developed by - Dickson - Wilson - Siaw Zhen - Peng | Last updated: 10/10/2018 1:16am</p>
	</footer>

</body>

</html>